8128;Aba;1
8127;Aba;1
5241;Abádszalók;2
7678;Abaliget;3
3261;Abasár;4
3882;Abaújalpár;5
3882;Abaújkér;5
3815;Abaújlak;5
3881;Abaújszántó;5
3809;Abaújszolnok;5
3898;Abaújvár;5
9151;Abda;6
3753;Abod;5
2740;Abony;7
8256;Ábrahámhegy;8
2941;Ács;9
2683;Acsa;7
9746;Acsád;10
9168;Acsalag;6
2887;Ácsteszér;9
3292;Adács;4
8653;Ádánd;11
8561;Adásztevel;8
2457;Adony;1
8497;Adorjánháza;8
7841;Adorjás;3
7381;Ág;3
6076;Ágasegyháza;12
9423;Ágfalva;6
3759;Aggtelek;5
9441;Agyagosszergény;6
4524;Ajak;13
8447;Ajka;8
8448;Ajka;8
8451;Ajka;8
8400;Ajka;8
2862;Aka;9
6221;Akasztó;12
3779;Alacska;5
7011;Alap;1
5142;Alattyán;2
2730;Albertirsa;7
8087;Alcsútdoboz;1
3353;Aldebrő;4
6750;Algyő;14
8921;Alibánfa;15
7934;Almamellék;3
2931;Almásfüzitő;9
8935;Almásháza;15
5747;Almáskamarás;16
7932;Almáskeresztúr;3
4285;Álmosd;17
3985;Alsóberecki;5
7443;Alsóbogát;11
3717;Alsódobsza;5
3837;Alsógagy;5
7345;Alsómocsolád;3
7147;Alsónána;18
2351;Alsónémedi;7
8924;Alsónemesapáti;15
7148;Alsónyék;18
8226;Alsóörs;8
8394;Alsópáhok;15
2617;Alsópetény;19
8767;Alsórajk;15
3989;Alsóregmec;5
8973;Alsószenterzsébet;15
7012;Alsószentiván;1
7826;Alsószentmárton;3
9983;Alsószölnök;10
3726;Alsószuha;5
3735;Alsótelekes;5
3069;Alsótold;19
9842;Alsóújlak;10
3811;Alsóvadász;5
3571;Alsózsolca;5
6916;Ambrózfalva;14
4546;Anarcs;13
8675;Andocs;11
3399;Andornaktálya;4
9811;Andrásfa;10
2529;Annavölgy;9
8477;Apácatorna;8
4553;Apagy;13
2345;Apaj;7
7186;Aparhant;18
6931;Apátfalva;14
9982;Apátistvánfalva;10
7720;Apátvarasd;3
3032;Apc;4
2338;Áporka;7
6088;Apostag;12
4634;Aranyosapáti;13
7671;Aranyosgadány;3
3885;Arka;5
3663;Arló;5
3713;Arnót;5
3467;Ároktő;5
6623;Árpádhalom;14
9132;Árpás;6
4115;Ártánd;17
6783;Ásotthalom;14
9177;Ásványráró;6
3841;Aszaló;5
2170;Aszód;7
8241;Aszófő;8
7763;Áta;3
3371;Átány;4
3213;Atkár;4
7252;Attala;18
7757;Babarc;3
7814;Babarcszőlős;3
7584;Babócsa;11
2943;Bábolna;9
8658;Bábonymegyer;11
8983;Babosdöbréte;15
9351;Babót;6
6430;Bácsalmás;12
6453;Bácsbokod;12
6454;Bácsborsód;12
6511;Bácsszentgyörgy;12
6425;Bácsszőlős;12
8261;Badacsonytomaj;8
8257;Badacsonytomaj;8
8258;Badacsonytomaj;8
8262;Badacsonytördemic;8
8263;Badacsonytördemic;8
2191;Bag;7
4286;Bagamér;17
8977;Baglad;15
8992;Bagod;15
9145;Bágyogszovát;6
2836;Baj;9
6503;Baja;12
6500;Baja;12
9944;Bajánsenye;10
2525;Bajna;9
2533;Bajót;9
8945;Bak;15
7585;Bakháza;11
7393;Bakóca;3
4164;Bakonszeg;17
7675;Bakonya;3
2885;Bakonybánk;9
8427;Bakonybél;8
8056;Bakonycsernye;1
8433;Bakonygyirót;8
8581;Bakonyjákó;8
8571;Bakonykoppány;8
8045;Bakonykúti;1
8422;Bakonynána;8
8418;Bakonyoszlop;8
9088;Bakonypéterd;6
8457;Bakonypölöske;8
8557;Bakonyság;8
2861;Bakonysárkány;9
8557;Bakonyszentiván;8
8430;Bakonyszentkirály;8
8431;Bakonyszentlászló;8
2884;Bakonyszombathely;9
8572;Bakonyszücs;8
8555;Bakonytamási;8
6768;Baks;14
7834;Baksa;3
3836;Baktakék;5
4561;Baktalórántháza;13
8946;Baktüttös;15
3780;Balajt;5
2660;Balassagyarmat;19
6764;Balástya;14
3347;Balaton;4
8243;Balatonakali;8
8220;Balatonalmádi;8
8649;Balatonberény;11
8691;Balatonboglár;11
8630;Balatonboglár;11
8272;Balatoncsicsó;8
8312;Balatonederics;8
8613;Balatonendréd;11
8646;Balatonfenyves;11
8164;Balatonfőkajár;8
8623;Balatonföldvár;11
8236;Balatonfüred;8
8230;Balatonfüred;8
8184;Balatonfűzfő;8
8175;Balatonfűzfő;8
8313;Balatongyörök;15
8275;Balatonhenye;8
8172;Balatonkenese;8
8174;Balatonkenese;8
8648;Balatonkeresztúr;11
8638;Balatonlelle;11
8753;Balatonmagyaród;15
8647;Balatonmáriafürdő;11
8637;Balatonőszöd;11
8255;Balatonrendes;8
8651;Balatonszabadi;11
8624;Balatonszárszó;11
8636;Balatonszemes;11
8710;Balatonszentgyörgy;11
8252;Balatonszepezd;8
8233;Balatonszőlős;8
8242;Balatonudvari;8
8712;Balatonújlak;11
8171;Balatonvilágos;8
8054;Balinka;1
8055;Balinka;1
4233;Balkány;13
6035;Ballószög;12
4060;Balmazújváros;17
9771;Balogunyom;10
6412;Balotaszállás;12
4468;Balsa;13
8614;Bálványos;11
2944;Bana;9
8443;Bánd;8
7914;Bánfa;3
3642;Bánhorváti;5
2653;Bánk;19
8891;Bánokszentgyörgy;15
3654;Bánréve;5
7711;Bár;3
4937;Barabás;13
2427;Baracs;1
2426;Baracs;1
2471;Baracska;1
4161;Báránd;17
7841;Baranyahidvég;3
7384;Baranyajenő;3
7383;Baranyaszentgyörgy;3
9169;Barbacs;6
7557;Barcs;11
7570;Barcs;11
7478;Bárdudvarnok;11
8948;Barlahida;15
3126;Bárna;19
8291;Barnag;8
2883;Bársonyos;9
7923;Basal;3
3881;Baskó;5
7149;Báta;18
7164;Bátaapáti;18
7140;Bátaszék;18
7258;Baté;11
6528;Bátmonostor;12
3078;Bátonyterenye;19
3070;Bátonyterenye;19
3151;Bátonyterenye;19
3336;Bátor;4
4343;Bátorliget;13
5830;Battonya;16
6351;Bátya;12
8797;Batyk;15
8887;Bázakerettye;15
8352;Bazsi;8
8565;Béb;8
8866;Becsehely;15
2693;Becske;19
3768;Becskeháza;5
8985;Becsvölgye;15
8666;Bedegkér;11
4128;Bedő;17
9683;Bejcgyertyános;10
8515;Békás;8
3903;Bekecs;5
5630;Békés;16
5623;Békéscsaba;16
5671;Békéscsaba;16
5600;Békéscsaba;16
5946;Békéssámson;16
5561;Békésszentandrás;16
3343;Bekölce;4
3346;Bélapátfalva;4
7589;Bélavár;11
7061;Belecska;18
9343;Beled;6
7543;Beleg;11
8855;Belezna;15
5643;Bélmegyer;16
2455;Beloiannisz;1
8978;Belsősárd;15
7747;Belvárdgyula;3
4643;Benk;13
2216;Bénye;7
3045;Bér;19
9831;Bérbaltavár;10
2687;Bercel;19
4934;Beregdaróc;13
4933;Beregsurány;13
4116;Berekböszörmény;17
5309;Berekfürdő;2
7827;Beremend;3
3704;Berente;5
3834;Beret;5
4103;Berettyóújfalu;17
4100;Berettyóújfalu;17
8182;Berhida;8
8181;Berhida;8
2641;Berkenye;19
7664;Berkesd;3
4521;Berkesz;13
2639;Bernecebaráti;7
3575;Berzék;5
7516;Berzence;11
7838;Besence;3
4557;Besenyőd;13
3373;Besenyőtelek;4
5071;Besenyszög;2
2456;Besnyő;1
4488;Beszterec;13
7782;Bezedek;3
9223;Bezenye;6
8934;Bezeréd;15
9162;Bezi;6
2051;Biatorbágy;7
7671;Bicsérd;3
2060;Bicske;1
4175;Bihardancsháza;17
4110;Biharkeresztes;17
4172;Biharnagybajom;17
4174;Bihartorda;17
5538;Biharugra;16
7043;Bikács;18
7346;Bikal;3
4235;Biri;13
7747;Birján;3
7811;Bisse;3
9625;Bő;10
9542;Boba;15
8943;Bocfölde;4
3368;Boconád;12
3574;Bőcs;15
6235;Bócsa;17
8776;Bocska;3
4241;Bocskaikert;1
7672;Boda;1
8053;Bodajk;3
8991;Böde;6
8969;Bödeháza;4
8085;Bodmér;8
7394;Bodolyabér;11
9134;Bodonhely;5
3243;Bodony;5
8471;Bodorfa;5
7439;Bodrog;5
3987;Bodroghalom;5
3916;Bodrogkeresztúr;5
3917;Bodrogkisfalud;5
3943;Bodrogolaszi;5
3768;Bódvalenke;3
3764;Bódvarákó;3
3763;Bódvaszilas;3
3412;Bogács;18
7742;Bogád;6
7836;Bogádmindszent;17
7966;Bogdása;15
9612;Bögöt;9
9675;Bögöte;19
7132;Bogyiszló;4
9324;Bogyoszló;3
8719;Böhönye;5
4114;Bojt;5
8741;Bókaháza;5
2855;Bokod;11
4231;Bököny;11
3066;Bokor;3
7025;Bölcske;15
3016;Boldog;11
7937;Boldogasszonyfa;18
3884;Boldogkőújfalu;18
3885;Boldogkőváralja;18
3794;Boldva;14
7517;Bolhás;10
7586;Bolhó;3
7754;Bóly;12
8992;Boncodfölde;15
7281;Bonnya;5
9073;Bőny;5
7187;Bonyhád;5
7150;Bonyhád;5
7158;Bonyhádvarasd;5
9152;Börcs;5
6795;Bordány;5
9554;Borgáta;19
7756;Borjád;8
6445;Borota;8
8885;Borsfa;3
3658;Borsodbóta;13
3426;Borsodgeszt;3
3462;Borsodivánka;10
3672;Borsodnádasd;10
3671;Borsodnádasd;5
3623;Borsodszentgyörgy;10
3796;Borsodszirák;5
2644;Borsosberény;15
8479;Borszörcsök;15
8428;Borzavár;10
8772;Börzönce;10
9167;Bősárkány;11
7811;Bosta;13
7475;Bőszénfa;18
4955;Botpalád;6
7900;Botykapeterd;6
9727;Bozsok;15
3994;Bózsva;6
9752;Bozzai;11
5527;Bucsa;16
9792;Bucsu;10
8925;Bucsuszentlászló;15
8893;Bucsuta;15
2093;Budajenő;7
2011;Budakalász;7
2092;Budakeszi;7
2040;Budaörs;7
1069;Budapest;
1011;Budapest;
1012;Budapest;
1013;Budapest;
1014;Budapest;
1015;Budapest;
1016;Budapest;
1021;Budapest;
1022;Budapest;
1023;Budapest;
1024;Budapest;
1025;Budapest;
1026;Budapest;
1027;Budapest;
1028;Budapest;
1029;Budapest;
1031;Budapest;
1032;Budapest;
1033;Budapest;
1034;Budapest;
1035;Budapest;
1036;Budapest;
1037;Budapest;
1038;Budapest;
1039;Budapest;
1041;Budapest;
1042;Budapest;
1043;Budapest;
1044;Budapest;
1045;Budapest;
1046;Budapest;
1047;Budapest;
1048;Budapest;
1051;Budapest;
1052;Budapest;
1053;Budapest;
1054;Budapest;
1055;Budapest;
1056;Budapest;
1061;Budapest;
1062;Budapest;
1063;Budapest;
1064;Budapest;
1065;Budapest;
1066;Budapest;
1067;Budapest;
1068;Budapest;
1071;Budapest;
1072;Budapest;
1073;Budapest;
1074;Budapest;
1075;Budapest;
1076;Budapest;
1077;Budapest;
1078;Budapest;
1081;Budapest;
1082;Budapest;
1083;Budapest;
1084;Budapest;
1085;Budapest;
1086;Budapest;
1087;Budapest;
1088;Budapest;
1089;Budapest;
1091;Budapest;
1092;Budapest;
1093;Budapest;
1094;Budapest;
1095;Budapest;
1096;Budapest;
1097;Budapest;
1098;Budapest;
1101;Budapest;
1102;Budapest;
1103;Budapest;
1104;Budapest;
1105;Budapest;
1106;Budapest;
1107;Budapest;
1108;Budapest;
1111;Budapest;
1112;Budapest;
1113;Budapest;
1114;Budapest;
1115;Budapest;
1116;Budapest;
1117;Budapest;
1118;Budapest;
1119;Budapest;
1121;Budapest;
1122;Budapest;
1123;Budapest;
1124;Budapest;
1125;Budapest;
1126;Budapest;
1131;Budapest;
1132;Budapest;
1133;Budapest;
1134;Budapest;
1135;Budapest;
1136;Budapest;
1137;Budapest;
1138;Budapest;
1139;Budapest;
1141;Budapest;
1142;Budapest;
1143;Budapest;
1144;Budapest;
1145;Budapest;
1146;Budapest;
1147;Budapest;
1148;Budapest;
1149;Budapest;
1151;Budapest;
1152;Budapest;
1153;Budapest;
1154;Budapest;
1155;Budapest;
1156;Budapest;
1157;Budapest;
1158;Budapest;
1161;Budapest;
1162;Budapest;
1163;Budapest;
1164;Budapest;
1165;Budapest;
1171;Budapest;
1172;Budapest;
1173;Budapest;
1174;Budapest;
1181;Budapest;
1182;Budapest;
1183;Budapest;
1184;Budapest;
1185;Budapest;
1186;Budapest;
1188;Budapest;
1191;Budapest;
1192;Budapest;
1193;Budapest;
1194;Budapest;
1195;Budapest;
1196;Budapest;
1201;Budapest;
1202;Budapest;
1203;Budapest;
1204;Budapest;
1205;Budapest;
1211;Budapest;
1212;Budapest;
1213;Budapest;
1214;Budapest;
1215;Budapest;
1221;Budapest;
1222;Budapest;
1223;Budapest;
1224;Budapest;
1225;Budapest;
1237;Budapest;
1238;Budapest;
1239;Budapest;
1529;Budapest;
6114;Bugac;12
6114;Bugacpusztaháza;12
2347;Bugyi;7
4483;Buj;13
3047;Buják;19
9740;Bük;11
9737;Bük;10
3422;Bükkábrány;10
3554;Bükkaranyos;5
3648;Bükkmogyorósd;5
7682;Bükkösd;5
3335;Bükkszék;3
3257;Bükkszenterzsébet;4
3557;Bükkszentkereszt;4
3346;Bükkszentmárton;5
3414;Bükkzsérc;4
7973;Bürüs;5
7273;Büssü;3
3821;Büttös;11
8695;Buzsák;5
9725;Cák;10
9165;Cakóháza;6
7013;Cece;1
4732;Cégénydányád;13
2738;Cegléd;7
2700;Cegléd;7
2737;Ceglédbercel;7
9541;Celldömölk;10
9500;Celldömölk;10
3123;Cered;19
9624;Chernelházadamonya;10
5462;Cibakháza;2
3973;Cigánd;5
7161;Cikó;18
9364;Cirák;6
5551;Csabacsűd;16
5609;Csabaszabadi;16
2064;Csabdi;1
8474;Csabrendek;8
9375;Csáfordjánosfa;6
4967;Csaholc;13
8163;Csajág;8
8735;Csákány;11
9919;Csákánydoroszló;10
8073;Csákberény;1
8083;Csákvár;1
6915;Csanádalberti;14
5662;Csanádapáca;16
6913;Csanádpalota;14
9654;Csánig;10
3015;Csány;4
7964;Csányoszró;3
6647;Csanytelek;14
8756;Csapi;15
9372;Csapod;6
5621;Csárdaszállás;16
7811;Csarnóta;3
4844;Csaroda;13
2858;Császár;9
6239;Császártöltés;12
4973;Császló;13
6523;Csátalja;12
8943;Csatár;15
5064;Csataszög;2
2888;Csatka;9
6448;Csávoly;12
7935;Csebény;3
3052;Csécse;19
4742;Csegöld;13
8445;Csehbánya;8
9833;Csehi;10
9834;Csehimindszent;10
2949;Csém;9
2713;Csemő;7
9764;Csempeszkopács;10
6765;Csengele;14
4765;Csenger;13
4743;Csengersima;13
4764;Csengerújfalu;13
6222;Csengőd;12
9611;Csénye;10
3837;Csenyéte;5
2946;Csép;9
5475;Csépa;2
9735;Csepreg;10
9375;Csér;6
7683;Cserdi;3
7472;Cserénfa;11
3413;Cserépfalu;5
3417;Cserépváralja;5
2694;Cserháthaláp;19
2676;Cserhátsurány;19
3066;Cserhátszentiván;19
5465;Cserkeszőlő;2
7673;Cserkút;3
3648;Csernely;5
8372;Cserszegtomaj;15
8951;Csertalakos;15
7900;Csertő;3
8419;Csesznek;8
8973;Csesztreg;15
2678;Csesztve;19
8417;Csetény;8
2212;Csévharaszt;7
7225;Csibrák;18
6424;Csikéria;12
7341;Csikóstőttős;18
9127;Csikvánd;6
3442;Csincse;5
9836;Csipkerek;10
2673;Csitár;19
3848;Csobád;5
3927;Csobaj;5
2014;Csobánka;7
8999;Csöde;1
8495;Csögle;11
8074;Csókakő;5
4145;Csökmő;9
7526;Csököly;12
7555;Csokonyavisonta;11
3647;Csokvaomány;7
2521;Csolnok;11
6135;Csólyospálos;14
7253;Csoma;14
2161;Csomád;15
7432;Csombárd;3
8700;Csömend;8
8957;Csömödér;1
2141;Csömör;6
9513;Csönge;16
6648;Csongrád;8
6640;Csongrád;15
8918;Csonkahegyhát;8
7940;Csonkamindszent;17
8229;Csopak;11
8041;Csór;11
9300;Csorna;15
8873;Csörnyeföld;7
9962;Csörötnek;10
5920;Csorvás;15
8122;Csősz;10
8558;Csót;1
2615;Csővár;7
8840;Csurgó;11
8840;Csurgónagymarton;11
7843;Cún;3
2373;Dabas;7
2371;Dabas;7
2370;Dabas;7
8345;Dabronc;8
8485;Dabrony;8
2854;Dad;9
2522;Dág;9
8592;Dáka;8
7211;Dalmand;18
3780;Damak;5
3978;Dámóc;5
2735;Dánszentmiklós;7
2118;Dány;7
9917;Daraboshegy;10
7988;Darány;11
4737;Darnó;13
9232;Darnózseli;6
4144;Darvas;17
6524;Dávod;12
2694;Debercsény;19
4079;Debrecen;17
4078;Debrecen;17
4225;Debrecen;17
4063;Debrecen;17
4000;Debrecen;17
4002;Debrecen;17
4024;Debrecen;17
4025;Debrecen;17
4026;Debrecen;17
4027;Debrecen;17
4028;Debrecen;17
4029;Debrecen;17
4030;Debrecen;17
4031;Debrecen;17
4032;Debrecen;17
4033;Debrecen;17
4034;Debrecen;17
3825;Debréte;5
7144;Decs;18
3643;Dédestapolcsány;5
8135;Dég;1
2649;Dejtár;19
2337;Délegyháza;7
4516;Demecser;13
3395;Demjén;4
7915;Dencsháza;3
9365;Dénesfa;6
4130;Derecske;17
6621;Derekegyház;14
6772;Deszk;14
3834;Detek;5
3275;Detk;4
5510;Dévaványa;16
8460;Devecser;8
7683;Dinnyeberki;3
7072;Diósberény;18
2049;Diósd;7
2643;Diósjenő;19
8764;Dióskál;15
7817;Diósviszló;3
8482;Doba;8
9914;Döbörhegy;16
5624;Doboz;15
8874;Dobri;15
8357;Döbröce;14
7228;Döbrököz;5
8989;Dobronhegy;14
8597;Döbrönte;16
6766;Dóc;16
4495;Döge;18
3627;Domaháza;13
6781;Domaszék;7
5836;Dombegyház;4
5745;Dombiratos;4
7200;Dombóvár;9
4492;Dombrád;19
2182;Domony;10
2027;Dömös;10
3263;Domoszló;15
2344;Dömsöd;18
9147;Dör;8
8244;Dörgicse;13
3374;Dormánd;9
2510;Dorog;7
3153;Dorogháza;6
9913;Döröske;8
8799;Dötk;10
3721;Dövény;15
9791;Dozmat;5
6342;Drágszél;12
7849;Drávacsehi;3
7846;Drávacsepely;3
7967;Drávafok;3
7977;Drávagárdony;11
7960;Drávaiványi;3
7967;Drávakeresztúr;3
7850;Drávapalkonya;3
7843;Drávapiski;3
7851;Drávaszabolcs;3
7847;Drávaszerdahely;3
7960;Drávasztára;3
7979;Drávatamási;11
2646;Drégelypalánk;19
3635;Dubicsány;5
8416;Dudar;8
9556;Duka;10
2545;Dunaalmás;9
2023;Dunabogdány;7
6323;Dunaegyháza;12
6513;Dunafalva;12
7020;Dunaföldvár;18
2330;Dunaharaszti;7
2120;Dunakeszi;7
9225;Dunakiliti;6
6328;Dunapataj;12
9235;Dunaremete;6
9174;Dunaszeg;6
7712;Dunaszekcső;3
6333;Dunaszentbenedek;12
7135;Dunaszentgyörgy;18
2897;Dunaszentmiklós;9
9175;Dunaszentpál;6
9226;Dunasziget;6
6325;Dunatetétlen;12
2407;Dunaújváros;1
2400;Dunaújváros;1
2336;Dunavarsány;7
6087;Dunavecse;12
6353;Dusnok;12
7224;Dúzs;18
9451;Ebergőc;6
4211;Ebes;17
9083;Écs;6
3013;Ecséd;4
3053;Ecseg;19
5515;Ecsegfalva;16
7457;Ecseny;11
2233;Ecser;7
7443;Edde;11
3783;Edelény;5
3780;Edelény;5
9343;Edve;6
3304;Eger;4
3323;Eger;4
3300;Eger;4
7763;Egerág;3
8497;Egeralja;8
8765;Egeraracsa;15
3321;Egerbakta;4
3337;Egerbocs;4
3341;Egercsehi;4
3379;Egerfarmos;4
3461;Egerlövő;5
3394;Egerszalók;4
3757;Égerszög;4
3328;Egerszólát;5
8913;Egervár;15
9684;Egervölgy;10
9314;Egyed;6
4067;Egyek;17
4069;Egyek;17
3043;Egyházasdengeleg;19
9473;Egyházasfalu;6
3185;Egyházasgerge;19
7824;Egyházasharaszti;3
9554;Egyházashetye;10
9781;Egyházashollós;10
8523;Egyházaskesző;8
7347;Egyházaskozár;3
9783;Egyházasrádóc;10
5742;Elek;16
7744;Ellend;3
2423;Előszállás;1
2424;Előszállás;1
3432;Emőd;5
3854;Encs;5
3860;Encs;5
4374;Encsencs;13
3165;Endrefalva;19
7973;Endrőc;3
9143;Enese;6
8131;Enying;1
8130;Enying;1
6624;Eperjes;14
4646;Eperjeske;13
8413;Eplény;8
2526;Epöl;9
2453;Ercsi;1
2451;Ercsi;1
2036;Érd;7
2035;Érd;7
2030;Érd;7
3932;Erdőbénye;5
3935;Erdőhorváti;5
2113;Erdőkertes;7
3252;Erdőkövesd;4
2176;Erdőkürt;19
7735;Erdősmárok;3
7723;Erdősmecske;3
2177;Erdőtarcsa;19
3358;Erdőtelek;4
3295;Erk;4
4245;Érpatak;13
6347;Érsekcsanád;12
6348;Érsekhalma;12
2659;Érsekvadkert;19
7093;Értény;18
7661;Erzsébet;3
4124;Esztár;17
8882;Eszteregnye;15
8742;Esztergályhorváti;15
2509;Esztergom;9
2500;Esztergom;9
2947;Ete;9
3136;Etes;19
2091;Etyek;1
4354;Fábiánháza;13
6625;Fábiánsebestyén;14
7136;Fácánkert;18
7139;Fadd;18
7133;Fadd;18
3865;Fáj;5
6352;Fajsz;12
3855;Fancsal;5
9321;Farád;6
8582;Farkasgyepű;8
3608;Farkaslyuk;5
2765;Farmos;7
7732;Fazekasboda;3
3255;Fedémes;4
5213;Fegyvernek;2
5231;Fegyvernek;2
4900;Fehérgyarmat;13
9163;Fehértó;6
8052;Fehérvárcsurgó;1
7724;Feked;3
9211;Feketeerdő;6
8086;Felcsút;1
3352;Feldebrő;4
6645;Felgyő;14
9122;Felpéc;6
3985;Felsőberecki;5
9794;Felsőcsatár;10
3847;Felsődobsza;5
7370;Felsőegerszeg;3
3837;Felsőgagy;5
9934;Felsőjánosfa;10
3722;Felsőkelecsény;5
6055;Felsőlajos;12
9918;Felsőmarác;10
7456;Felsőmocsolád;11
7175;Felsőnána;18
3721;Felsőnyárád;5
7099;Felsőnyék;18
8227;Felsőörs;8
8380;Felsőpáhok;15
2363;Felsőpakony;7
2611;Felsőpetény;19
8767;Felsőrajk;15
3989;Felsőregmec;5
8973;Felsőszenterzsébet;15
6447;Felsőszentiván;12
7968;Felsőszentmárton;3
9985;Felsőszölnök;10
3324;Felsőtárkány;4
3735;Felsőtelekes;5
3067;Felsőtold;19
3814;Felsővadász;5
3561;Felsőzsolca;5
4621;Fényeslitke;13
8432;Fenyőfő;8
6774;Ferencszállás;14
9493;Fertőboz;6
9433;Fertőd;6
9431;Fertőd;6
9442;Fertőendréd;6
9492;Fertőhomok;6
9421;Fertőrákos;6
9444;Fertőszentmiklós;6
9436;Fertőszéplak;6
7282;Fiad;11
3994;Filkeháza;5
8835;Fityeház;15
6331;Foktő;12
6922;Földeák;17
4177;Földes;11
4090;Folyás;5
7271;Fonó;11
3893;Fony;11
8732;Főnyed;14
8644;Fonyód;5
8640;Fonyód;7
6793;Forráskút;14
3849;Forró;17
2151;Fót;11
8157;Füle;5
4964;Fülesd;17
3864;Fulókércs;1
4266;Fülöp;13
6042;Fülöpháza;17
6116;Fülöpjakab;12
6085;Fülöpszállás;12
4754;Fülpösdaróc;12
7087;Fürged;13
4141;Furta;18
3996;Füzér;5
3994;Füzérkajata;5
3997;Füzérkomlós;5
3993;Füzérradvány;5
3390;Füzesabony;4
5525;Füzesgyarmat;16
8777;Füzvölgy;15
4122;Gáborján;17
8969;Gáborjánháza;15
4972;Gacsály;13
7276;Gadács;11
8716;Gadány;11
3815;Gadna;5
5932;Gádoros;16
3837;Gagyapáti;5
3817;Gagybátor;5
3816;Gagyvendégi;5
8754;Galambok;15
2686;Galgaguta;19
2681;Galgagyörk;7
2193;Galgahévíz;7
2183;Galgamácsa;7
7473;Gálosfa;11
3752;Galvács;5
8685;Gamás;11
8597;Ganna;8
8082;Gánt;1
6522;Gara;12
3067;Garáb;19
8747;Garabonc;15
3873;Garadna;5
4976;Garbolc;13
2484;Gárdony;1
2485;Gárdony;1
2483;Gárdony;1
7812;Garé;3
9952;Gasztony;10
6111;Gátér;12
4471;Gávavencsellő;13
4472;Gávavencsellő;13
4754;Géberjén;13
8543;Gecse;8
6334;Géderlak;12
4517;Gégény;13
3444;Gelej;5
4935;Gelénes;13
8981;Gellénháza;15
8774;Gelse;15
8774;Gelsesziget;15
4567;Gemzse;13
9721;Gencsapáti;10
9672;Gérce;10
7951;Gerde;3
5925;Gerendás;16
7362;Gerényes;3
7733;Geresdlak;3
7134;Gerjen;18
9813;Gersekarát;10
5734;Geszt;16
3923;Gesztely;5
3715;Gesztely;5
4232;Geszteréd;13
8762;Gétye;15
8435;Gic;8
7527;Gige;11
7954;Gilvánfa;3
3578;Girincs;5
2131;Göd;8
2132;Göd;5
2100;Gödöllő;7
7386;Gödre;15
7385;Gödre;10
8346;Gógánfa;3
7272;Gölle;15
3906;Golop;7
2217;Gomba;7
8984;Gombosszeg;7
3728;Gömörszőlős;3
3895;Gönc;3
3894;Göncruszka;11
9071;Gönyű;5
9625;Gór;5
4075;Görbeháza;5
7833;Görcsöny;6
7728;Görcsönydoboka;17
7853;Gordisa;3
7553;Görgeteg;3
8913;Gősfa;11
8978;Gosztola;15
7162;Grábóc;18
4842;Gulács;13
8951;Gutorfölde;15
2360;Gyál;7
9474;Gyalóka;6
9774;Gyanógeregye;10
9126;Gyarmat;6
8851;Gyékényes;11
8315;Gyenesdiás;15
8473;Gyepükaján;8
2821;Gyermely;9
7668;Gyód;3
5502;Gyomaendrőd;16
5500;Gyomaendrőd;16
9124;Gyömöre;6
2230;Gyömrő;6
7954;Gyöngyfa;7
3221;Gyöngyös;3
3232;Gyöngyös;4
3233;Gyöngyös;4
3200;Gyöngyös;4
9723;Gyöngyösfalu;4
3212;Gyöngyöshalász;10
7972;Gyöngyösmellék;4
3211;Gyöngyösoroszi;3
3035;Gyöngyöspata;4
3231;Gyöngyössolymos;4
3036;Gyöngyöstarján;4
7064;Gyönk;4
9019;Győr;18
9011;Győr;6
9012;Győr;6
9000;Győr;6
9021;Győr;6
9022;Győr;6
9023;Győr;6
9024;Győr;6
9025;Győr;6
9026;Győr;6
9027;Győr;6
9028;Győr;6
9029;Győr;6
9030;Győr;6
9093;Győrasszonyfa;6
7352;Györe;6
3954;Györgytarló;18
7045;Györköny;5
9173;Győrladamér;18
9363;Gyóró;6
4625;Győröcske;13
9084;Győrság;6
9161;Győrsövényház;6
9121;Győrszemere;6
4752;Győrtelek;13
9081;Győrújbarát;6
9171;Győrújfalu;6
9821;Győrvár;10
9172;Győrzámoly;6
8692;Gyugy;11
4733;Gyügye;16
5711;Gyula;16
5703;Gyula;16
5700;Gyula;13
4545;Gyulaháza;18
7227;Gyulaj;8
8286;Gyulakeszi;1
4813;Gyüre;13
2464;Gyúró;13
8932;Gyűrűs;15
8694;Hács;11
8992;Hagyárosbörönd;15
8771;Hahót;15
4273;Hajdúbagos;17
4224;Hajdúböszörmény;17
4086;Hajdúböszörmény;17
4074;Hajdúböszörmény;17
4220;Hajdúböszörmény;17
4087;Hajdúdorog;17
4242;Hajdúhadház;17
4085;Hajdúnánás;17
4080;Hajdúnánás;17
4251;Hajdúsámson;17
4200;Hajdúszoboszló;17
4212;Hajdúszovát;17
7473;Hajmás;11
8192;Hajmáskér;8
6344;Hajós;12
9814;Halastó;10
9228;Halászi;6
2314;Halásztelek;7
8452;Halimba;8
3842;Halmaj;5
3273;Halmajugra;4
9917;Halogy;10
3795;Hangács;5
3626;Hangony;5
2434;Hantos;1
9784;Harasztifalu;10
7172;Harc;18
9422;Harka;6
6136;Harkakötöny;12
7815;Harkány;3
7585;Háromfa;11
3936;Háromhuta;5
3555;Harsány;5
8442;Hárskút;8
6327;Harta;12
6326;Harta;12
7745;Hásságy;3
3000;Hatvan;4
9178;Hédervár;6
7533;Hedrehely;11
8296;Hegyesd;8
9222;Hegyeshalom;6
9631;Hegyfalu;10
9915;Hegyháthodász;10
7348;Hegyhátmaróc;3
9915;Hegyhátsál;10
9934;Hegyhátszentjakab;10
9931;Hegyhátszentmárton;10
9826;Hegyhátszentpéter;10
9437;Hegykő;6
8265;Hegymagas;8
3786;Hegymeg;5
7837;Hegyszentmárton;3
3041;Héhalom;19
3892;Hejce;5
3593;Hejőbába;5
3597;Hejőkeresztúr;5
3588;Hejőkürt;5
3594;Hejőpapi;5
3595;Hejőszalonta;5
7683;Helesfa;3
6034;Helvécia;12
4123;Hencida;17
7532;Hencse;11
2053;Herceghalom;7
3958;Hercegkút;5
6525;Hercegszántó;12
3011;Heréd;4
2832;Héreg;9
2677;Herencsény;19
8440;Herend;8
7587;Heresznye;11
4735;Hermánszeg;13
2376;Hernád;7
3853;Hernádbűd;5
3887;Hernádcéce;5
3563;Hernádkak;5
3846;Hernádkércs;5
3564;Hernádnémeti;5
3874;Hernádpetri;5
3852;Hernádszentandrás;5
3875;Hernádszurdok;5
3874;Hernádvécse;5
8957;Hernyék;15
3655;Hét;5
4843;Hetefejércse;13
7432;Hetes;11
7681;Hetvehely;3
8344;Hetyefő;8
3360;Heves;4
3322;Hevesaranyos;4
3383;Hevesvezekény;4
8380;Hévíz;15
2192;Hévízgyörk;7
7696;Hidas;3
3876;Hidasnémeti;5
8247;Hidegkút;8
9491;Hidegség;6
3768;Hidvégardó;5
7735;Himesháza;3
9362;Himod;6
7838;Hirics;3
7971;Hobol;3
4334;Hodász;13
6806;Hódmezővásárhely;14
6800;Hódmezővásárhely;14
7191;Hőgyész;11
8731;Hollád;5
3999;Hollóháza;19
3176;Hollókő;8
8563;Homokbödöge;15
8777;Homokkomárom;12
6341;Homokmégy;11
7537;Homokszentgyörgy;3
7716;Homorúd;5
3812;Homrogd;19
2647;Hont;19
2658;Horpács;4
3014;Hort;17
4071;Hortobágy;3
7935;Horváthertelend;10
9796;Horvátlövő;10
9733;Horvátzsidány;3
7694;Hosszúhetény;17
4274;Hosszúpályi;10
9676;Hosszúpereszteg;11
8716;Hosszúvíz;15
8777;Hosszúvölgy;8
8475;Hosztót;15
8991;Hottó;18
9361;Hövej;6
2672;Hugyag;19
5555;Hunya;16
5063;Hunyadfalva;2
7678;Husztót;3
7935;Ibafa;3
8984;Iborfia;15
4484;Ibrány;13
7275;Igal;11
7016;Igar;1
7015;Igar;1
3459;Igrici;5
8726;Iharos;11
8725;Iharosberény;11
9756;Ikervár;10
2181;Iklad;7
9634;Iklanberény;10
8958;Iklódbördőce;15
9141;Ikrény;6
2675;Iliny;19
4566;Ilk;13
7775;Illocska;3
3724;Imola;5
6238;Imrehegy;12
3851;Ináncs;5
2365;Inárcs;7
8724;Inke;11
7847;Ipacsfa;3
2631;Ipolydamásd;7
3138;Ipolytarnóc;19
2633;Ipolytölgyes;7
2669;Ipolyvece;19
7095;Iregszemcse;18
3786;Irota;5
2117;Isaszeg;7
9941;Ispánk;10
3253;Istenmezeje;4
7987;Istvándi;11
8043;Iszkaszentgyörgy;1
8493;Iszkáz;8
8045;Isztimér;1
3248;Ivád;4
9374;Iván;6
7772;Ivánbattyán;3
9931;Ivánc;10
2454;Iváncsa;1
7781;Ivándárda;3
7353;Izmény;18
6070;Izsák;12
3741;Izsófalva;5
7362;Jágónak;18
9798;Ják;10
6078;Jakabszállás;12
9643;Jákfa;10
3721;Jákfalva;5
7525;Jákó;11
4841;Jánd;13
4741;Jánkmajtis;13
6440;Jánoshalma;12
9545;Jánosháza;10
5143;Jánoshida;2
9241;Jánossomorja;6
9242;Jánossomorja;6
3664;Járdánháza;5
4337;Jármi;13
8424;Jásd;8
5124;Jászágó;2
5054;Jászalsószentgyörgy;2
5130;Jászapáti;2
5123;Jászárokszállás;2
5152;Jászberény;2
5100;Jászberény;2
5144;Jászboldogháza;2
5122;Jászdózsa;2
5111;Jászfelsőszentgyörgy;2
5126;Jászfényszaru;2
5135;Jászivány;2
5121;Jászjákóhalma;2
2746;Jászkarajenő;7
5137;Jászkisér;2
5055;Jászladány;2
5136;Jászszentandrás;2
6133;Jászszentlászló;12
5141;Jásztelek;2
4611;Jéke;13
8146;Jenő;1
9323;Jobaháza;6
3063;Jobbágyi;19
3758;Jósvafő;5
7431;Juta;11
4183;Kaba;17
8773;Kacorlak;15
3424;Kács;5
7940;Kacsóta;3
7530;Kadarkút;11
9123;Kajárpéc;6
2472;Kajászó;1
7051;Kajdacs;18
7122;Kakasd;18
7958;Kákics;3
2366;Kakucs;7
3350;Kál;4
7194;Kalaznó;18
9673;Káld;10
2175;Kálló;19
8785;Kallósd;15
4324;Kállósemjén;13
7538;Kálmáncsa;11
4434;Kálmánháza;13
8988;Kálócfa;15
6300;Kalocsa;12
8124;Káloz;1
9841;Kám;10
8469;Kamond;8
5673;Kamut;16
3735;Kánó;5
4335;Kántorjánosi;13
3821;Kány;5
8667;Kánya;11
8956;Kányavár;15
8294;Kapolcs;8
3355;Kápolna;4
2475;Kápolnásnyék;1
8671;Kapoly;11
7523;Kaposfő;11
7473;Kaposgyarmat;11
7261;Kaposhomok;11
7258;Kaposkeresztúr;11
7521;Kaposmérő;11
7251;Kapospula;18
7361;Kaposszekcső;18
7476;Kaposszerdahely;11
7522;Kaposújlak;11
7400;Kaposvár;11
8471;Káptalanfa;8
8283;Káptalantóti;8
9339;Kapuvár;6
9330;Kapuvár;6
7285;Kára;11
3281;Karácsond;4
8676;Karád;11
9547;Karakó;10
8491;Karakószörcsök;8
3181;Karancsalja;19
3137;Karancsberény;19
3183;Karancskeszi;19
3182;Karancslapujtő;19
3163;Karancsság;19
7333;Kárász;3
5300;Karcag;2
3963;Karcsa;5
5552;Kardos;16
5945;Kardoskút;16
8354;Karmacs;15
3962;Karos;5
2173;Kartal;7
7827;Kásád;3
6211;Kaskantyú;12
7977;Kastélyosdombó;11
5948;Kaszaper;16
7564;Kaszó;11
7914;Katádfa;3
9915;Katafa;10
7661;Kátoly;3
6455;Katymár;12
2215;Káva;7
8994;Kávás;15
3147;Kazár;19
3127;Kazár;19
3700;Kazincbarcika;5
3831;Kázsmárk;5
7274;Kazsok;11
6237;Kecel;12
2852;Kecskéd;9
6044;Kecskemét;12
6008;Kecskemét;12
6000;Kecskemét;12
8784;Kehidakustány;15
4515;Kék;13
4494;Kékcse;13
3899;Kéked;5
7661;Kékesd;3
8254;Kékkút;8
6423;Kelebia;12
9549;Keléd;10
3728;Kelemér;5
6444;Kéleshalom;12
8714;Kelevíz;11
4501;Kemecse;13
2638;Kemence;7
8931;Kemendollár;15
8516;Kemeneshőgyész;8
9553;Kemeneskápolna;10
9522;Kemenesmagasi;10
9511;Kemenesmihályfa;10
9544;Kemenespálfa;10
9517;Kemenessömjén;10
9521;Kemenesszentmárton;10
8518;Kemenesszentpéter;8
8995;Keménfa;15
7843;Kémes;3
9923;Kemestaródfa;10
7839;Kemse;3
5349;Kenderes;2
5331;Kenderes;2
9752;Kenéz;10
3955;Kenézlő;5
5083;Kengyel;2
9514;Kenyeri;10
9945;Kercaszomor;10
7256;Kercseliget;11
3396;Kerecsend;4
8745;Kerecseny;15
6041;Kerekegyháza;12
8618;Kereki;11
2882;Kerékteleki;9
2145;Kerepes;7
2144;Kerepes;7
3821;Keresztéte;5
8971;Kerkabarabás;15
8973;Kerkafalva;15
8973;Kerkakutas;15
9944;Kerkáskápolna;10
8874;Kerkaszentkirály;15
8879;Kerkateskánd;15
4912;Kérsemjén;13
8492;Kerta;8
5526;Kertészsziget;16
2616;Keszeg;19
3579;Kesznyéten;5
7062;Keszőhidegkút;18
8360;Keszthely;15
2517;Kesztölc;9
7668;Keszü;3
2655;Kétbodony;19
5741;Kétegyháza;16
8713;Kéthely;11
5411;Kétpó;2
5674;Kétsoprony;16
7975;Kétújfalu;3
9982;Kétvölgy;10
7174;Kéty;18
5744;Kevermes;16
8774;Kilimán;15
9181;Kimle;6
8044;Kincsesbánya;1
3657;Királd;5
7953;Királyegyháza;3
6911;Királyhegyes;14
8195;Királyszentistván;8
8284;Kisapáti;8
2428;Kisapostag;1
4921;Kisar;13
7523;Kisasszond;11
7954;Kisasszonyfa;3
9133;Kisbabot;6
3046;Kisbágyon;19
9062;Kisbajcs;6
7542;Kisbajom;11
7282;Kisbárapáti;11
3075;Kisbárkány;19
2881;Kisbér;9
2879;Kisbér;9
2870;Kisbér;9
8693;Kisberény;11
8477;Kisberzseny;8
7391;Kisbeszterce;3
9234;Kisbodak;6
8925;Kisbucsa;15
7756;Kisbudmér;3
3578;Kiscsécs;5
8888;Kiscsehi;15
8494;Kiscsősz;8
7814;Kisdér;3
7985;Kisdobsza;3
5837;Kisdombegyház;16
7159;Kisdorog;18
2655;Kisecset;19
9341;Kisfalud;6
3256;Kisfüzes;4
8356;Kisgörbő;15
7279;Kisgyalán;11
3556;Kisgyőr;5
7391;Kishajmás;3
7800;Kisharsány;3
3161;Kishartyán;19
7763;Kisherend;3
4977;Kishódos;13
3994;Kishuta;5
2948;Kisigmánd;9
7773;Kisjakabfalva;3
7766;Kiskassa;3
3843;Kiskinizs;5
3384;Kisköre;11
6200;Kiskőrös;4
7524;Kiskorpád;12
6100;Kiskunfélegyháza;12
6400;Kiskunhalas;12
2340;Kiskunlacháza;7
6120;Kiskunmajsa;12
8911;Kiskutas;15
8156;Kisláng;1
4325;Kisléta;13
7775;Kislippó;3
8446;Kislőd;8
7356;Kismányok;18
4126;Kismarja;17
2623;Kismaros;7
4737;Kisnamény;13
3264;Kisnána;4
2165;Kisnémedi;7
7759;Kisnyárád;3
2024;Kisoroszi;7
4956;Kispalád;13
8912;Kispáli;15
8496;Kispirit;8
9936;Kisrákos;10
8756;Kisrécse;15
3965;Kisrozvágy;5
3627;Kissikátor;5
9555;Kissomlyó;10
6421;Kisszállás;12
7082;Kisszékely;18
4963;Kisszekeres;13
7841;Kisszentmárton;3
8957;Kissziget;15
8483;Kisszőlős;8
7981;Kistamási;3
7823;Kistapolca;3
2143;Kistarcsa;7
6760;Kistelek;14
3553;Kistokaj;5
8868;Kistolmács;15
7068;Kistormás;18
7768;Kistótfalu;3
5310;Kisújszállás;2
9772;Kisunyom;10
4600;Kisvárda;13
4811;Kisvarsány;13
8341;Kisvásárhely;15
7381;Kisvaszar;3
7183;Kisvejke;18
6775;Kiszombor;14
9733;Kiszsidány;10
6773;Klárafalva;14
7334;Köblény;9
2898;Kocs;7
2755;Kocsér;18
9553;Köcsk;13
7212;Kocsola;7
4751;Kocsord;17
2243;Kóka;8
4284;Kokad;17
7668;Kökény;9
7530;Kőkút;9
4965;Kölcse;9
7052;Kölesd;5
7717;Kölked;3
8468;Kolontár;3
4138;Komádi;13
2903;Komárom;11
2921;Komárom;5
2900;Komárom;13
3765;Komjáti;4
7305;Komló;5
7300;Komló;10
3372;Kömlő;16
2853;Kömlőd;6
4765;Komlódtótfalu;17
7582;Komlósd;6
3937;Komlóska;18
4622;Komoró;5
4943;Kömörő;6
6134;Kömpöc;3
3356;Kompolt;7
3775;Kondó;7
9943;Kondorfa;13
5553;Kondoros;3
9144;Kóny;3
4133;Konyár;5
9495;Kópháza;19
7094;Koppányszántó;3
3886;Korlát;15
9909;Körmend;3
9900;Körmend;10
2851;Környe;3
3577;Köröm;11
9113;Koroncó;13
7841;Kórós;18
8617;Kőröshegy;3
5516;Körösladány;4
5539;Körösnagyharsány;9
4136;Körösszakál;13
4135;Körösszegapáti;12
5622;Köröstarcsa;10
2745;Kőröstetétlen;10
5536;Körösújfalu;9
2612;Kosd;5
2625;Kóspallag;11
8152;Kőszárhegy;16
9730;Kőszeg;16
9725;Kőszegdoroszló;16
9739;Kőszegpaty;7
9725;Kőszegszerdahely;16
4482;Kótaj;17
8627;Kötcse;17
5725;Kötegyán;1
5062;Kőtelek;10
7847;Kovácshida;10
7678;Kovácsszénája;10
3992;Kovácsvágás;10
8254;Kővágóörs;11
7673;Kővágószőlős;16
7675;Kővágótőttős;2
6912;Kövegy;8
8274;Köveskál;3
3053;Kozárd;3
7761;Kozármisleny;14
8988;Kozmadombja;8
3821;Krasznokvajda;5
6755;Kübekháza;1
2458;Kulcs;12
8978;Külsősárd;16
9532;Külsővat;12
6097;Kunadacs;12
5746;Kunágota;2
6435;Kunbaja;12
6043;Kunbaracs;2
5412;Kuncsorba;2
6413;Kunfehértó;12
8162;Küngös;12
5340;Kunhegyes;2
5321;Kunmadaras;2
6096;Kunpeszér;12
6115;Kunszállás;6
5449;Kunszentmárton;8
5440;Kunszentmárton;5
6090;Kunszentmiklós;18
9184;Kunsziget;5
8595;Kup;15
3813;Kupa;11
7226;Kurd;19
3732;Kurityán;14
8919;Kustánszeg;15
7541;Kutas;8
3066;Kutasó;8
2541;Lábatlan;9
7551;Lábod;11
3967;Lácacséke;5
7535;Lad;11
6045;Ladánybene;12
3780;Ládbesenyő;5
8136;Lajoskomárom;1
6050;Lajosmizse;12
3786;Lak;5
8913;Lakhegy;15
6065;Lakitelek;12
7918;Lakócsa;11
7759;Lánycsók;3
7214;Lápafő;18
7775;Lapáncsa;3
4543;Laskod;13
8887;Lasztonya;15
8681;Látrány;11
9089;Lázi;6
2016;Leányfalu;7
2518;Leányvár;9
9155;Lébény;6
2619;Legénd;19
3904;Legyesbénye;5
3832;Léh;5
3648;Lénárddaróc;5
8978;Lendvadedes;15
8977;Lendvajakabfa;15
7184;Lengyel;18
8693;Lengyeltóti;11
8966;Lenti;15
8960;Lenti;15
8132;Lepsény;1
8318;Lesencefalu;8
8319;Lesenceistvánd;8
8318;Lesencetomaj;8
4281;Létavértes;17
4283;Létavértes;17
8868;Letenye;15
2632;Letkés;7
9221;Levél;6
4555;Levelek;13
8707;Libickozma;11
8981;Lickóvadamos;15
7331;Liget;3
8782;Ligetfalva;15
9233;Lipót;6
7781;Lippó;3
7757;Liptód;3
8888;Lispeszentadorján;15
8831;Liszó;15
8196;Litér;8
3866;Litka;5
3186;Litke;19
9634;Lócs;10
5743;Lőkösháza;8
8425;Lókút;13
4836;Lónya;7
2309;Lórév;3
3022;Lőrinci;8
3024;Lőrinci;1
3021;Lőrinci;3
7761;Lothárd;15
8228;Lovas;8
8093;Lovasberény;16
7720;Lovászhetény;4
8878;Lovászi;4
8553;Lovászpatona;4
9461;Lövő;6
4633;Lövőpetri;13
3129;Lucfalva;19
3188;Ludányhalászi;19
3274;Ludas;4
9724;Lukácsháza;10
8660;Lulla;11
7838;Lúzsok;3
3909;Mád;5
6456;Madaras;12
7026;Madocsa;18
9169;Maglóca;6
2234;Maglód;7
7342;Mágocs;3
4953;Magosliget;13
4556;Magy;13
8071;Magyaralmás;1
7463;Magyaratád;11
5667;Magyarbánhegyes;16
7775;Magyarbóly;3
6932;Magyarcsanád;14
5838;Magyardombegyház;16
7332;Magyaregregy;3
7441;Magyaregres;11
8973;Magyarföld;15
3133;Magyargéc;19
8517;Magyargencs;8
7394;Magyarhertelend;3
4137;Magyarhomorog;17
9346;Magyarkeresztúr;6
7098;Magyarkeszi;18
9962;Magyarlak;10
7925;Magyarlukafa;3
7954;Magyarmecske;3
9909;Magyarnádalja;10
2694;Magyarnándor;19
8449;Magyarpolány;8
7761;Magyarsarlós;3
9912;Magyarszecsőd;10
7396;Magyarszék;3
8776;Magyarszentmiklós;15
8776;Magyarszerdahely;15
9946;Magyarszombatfa;10
7954;Magyartelek;3
2339;Majosháza;7
7783;Majs;3
2322;Makád;7
3959;Makkoshotyka;5
3397;Maklár;4
6903;Makó;14
6900;Makó;14
8533;Malomsok;8
3434;Mályi;5
3645;Mályinka;5
4942;Mánd;13
4644;Mándok;13
7304;Mánfa;3
2065;Mány;1
7733;Maráza;3
9534;Marcalgergelyi;8
8714;Marcali;11
8709;Marcali;11
8700;Marcali;11
8531;Marcaltő;8
8532;Marcaltő;8
7817;Márfa;3
2527;Máriahalom;9
9231;Máriakálnok;6
7663;Máriakéménd;3
2629;Márianosztra;7
4326;Máriapócs;13
3262;Markaz;4
3075;Márkháza;19
8441;Márkó;8
7967;Markóc;3
9164;Markotabödöge;6
8888;Maróc;15
7960;Marócsa;3
7774;Márok;3
8976;Márokföld;15
4932;Márokpapi;13
6921;Maroslele;14
6636;Mártély;14
5435;Martfű;2
7720;Martonfa;3
2462;Martonvásár;1
3755;Martonyi;5
4700;Mátészalka;13
6452;Mátételke;12
3247;Mátraballa;4
3246;Mátraderecske;4
3155;Mátramindszent;19
3144;Mátranovák;19
3143;Mátranovák;19
3142;Mátraszele;19
3234;Mátraszentimre;4
3235;Mátraszentimre;4
3068;Mátraszőlős;19
3145;Mátraterenye;19
3146;Mátraterenye;19
3077;Mátraverebély;19
7854;Matty;1
8134;Mátyásdomb;3
4835;Mátyus;13
7351;Máza;3
7695;Mecseknádasd;3
7300;Mecsekpölöske;3
9176;Mecsér;6
5664;Medgyesbodzás;16
5663;Medgyesbodzás;16
5752;Medgyesegyháza;16
5666;Medgyesegyháza;16
7057;Medina;18
9757;Meggyeskovácsi;10
3718;Megyaszó;5
9754;Megyehid;10
8348;Megyer;8
5726;Méhkerék;16
4975;Méhtelek;13
7344;Mekényes;3
6449;Mélykút;12
8271;Mencshely;8
2235;Mende;7
3871;Méra;5
7981;Merenye;3
9136;Mérges;6
4352;Mérk;13
7453;Mernye;11
9531;Mersevát;10
9662;Mesterháza;10
9551;Mesteri;10
5452;Mesterszállás;2
3754;Meszes;5
9745;Meszlen;10
8716;Mesztegnyő;11
5650;Mezőberény;16
3450;Mezőcsát;5
7434;Mezőcsokonya;11
7370;Meződ;3
2422;Mezőfalva;1
5732;Mezőgyán;16
5820;Mezőhegyes;16
5453;Mezőhék;2
3441;Mezőkeresztes;5
8137;Mezőkomárom;1
5800;Mezőkovácsháza;16
3400;Mezőkövesd;5
4641;Mezőladány;13
8514;Mezőlak;8
3443;Mezőnagymihály;5
3421;Mezőnyárád;5
9098;Mezőörs;6
9097;Mezőörs;6
4118;Mezőpeterd;17
4134;Mezősas;17
3378;Mezőszemere;4
8133;Mezőszentgyörgy;1
7017;Mezőszilas;1
3375;Mezőtárkány;4
5400;Mezőtúr;2
3931;Mezőzombor;5
8825;Miháld;15
8341;Mihályfa;15
3184;Mihálygerge;19
8513;Mihályháza;8
9342;Mihályi;6
7512;Mike;11
2736;Mikebuda;7
8949;Mikekarácsonyfa;15
4271;Mikepércs;17
7286;Miklósi;11
3344;Mikófalva;4
3989;Mikóháza;5
9835;Mikosszéplak;10
8917;Milejszeg;15
4948;Milota;13
6630;Mindszent;14
7391;Mindszentgodisa;3
8282;Mindszentkálla;8
8935;Misefa;15
6343;Miske;12
3510;Miskolc;5
3515;Miskolc;5
3516;Miskolc;5
3508;Miskolc;5
3517;Miskolc;5
3518;Miskolc;5
3521;Miskolc;5
3519;Miskolc;5
3500;Miskolc;5
3501;Miskolc;5
3524;Miskolc;5
3525;Miskolc;5
3526;Miskolc;5
3527;Miskolc;5
3528;Miskolc;5
3529;Miskolc;5
3530;Miskolc;5
3531;Miskolc;5
3532;Miskolc;5
3533;Miskolc;5
3534;Miskolc;5
3535;Miskolc;5
7065;Miszla;18
2911;Mocsa;9
7163;Mőcsény;7
2146;Mogyoród;9
2535;Mogyorósbánya;5
3893;Mogyoróska;1
8042;Moha;3
7715;Mohács;3
7714;Mohács;3
7700;Mohács;19
2698;Mohora;15
8863;Molnári;10
9912;Molnaszecsőd;3
7981;Molvány;5
3812;Monaj;5
3905;Monok;7
2213;Monor;7
2200;Monor;4
3345;Mónosbél;8
8296;Monostorapáti;17
4275;Monostorpályi;8
8273;Monoszló;3
7751;Monyoród;1
8060;Mór;18
7165;Mórágy;14
6782;Mórahalom;12
6132;Móricgát;6
9131;Mórichida;11
7257;Mosdós;6
9200;Mosonmagyaróvár;6
9183;Mosonszentmiklós;6
9154;Mosonszentmiklós;6
9245;Mosonszolnok;3
7932;Mozsgó;18
7185;Mucsfa;18
7195;Mucsi;18
3744;Múcsony;5
3552;Muhi;5
8834;Murakeresztúr;15
8868;Murarátka;15
8872;Muraszemenye;15
7176;Murga;18
5672;Murony;16
4911;Nábrád;13
8097;Nadap;1
9915;Nádasd;10
8145;Nádasdladány;1
4181;Nádudvar;17
8674;Nágocs;11
8521;Nagyacsád;8
8484;Nagyalásony;8
4922;Nagyar;13
7500;Nagyatád;11
9063;Nagybajcs;6
7561;Nagybajom;11
8821;Nagybakónak;15
5668;Nagybánhegyes;16
6527;Nagybaracska;12
3641;Nagybarca;5
3075;Nagybárkány;19
8656;Nagyberény;11
7255;Nagyberki;11
2634;Nagybörzsöny;7
7756;Nagybudmér;3
9485;Nagycenk;6
7838;Nagycsány;3
3598;Nagycsécs;5
8628;Nagycsepely;11
4445;Nagycserkesz;13
8554;Nagydém;8
4823;Nagydobos;13
7985;Nagydobsza;3
7044;Nagydorog;18
4355;Nagyecsed;13
6917;Nagyér;14
8415;Nagyesztergár;8
3282;Nagyfüged;4
9664;Nagygeresd;10
8356;Nagygörbő;15
8551;Nagygyimót;8
7343;Nagyhajmás;3
4485;Nagyhalász;13
7822;Nagyharsány;3
4064;Nagyhegyes;17
4977;Nagyhódos;13
3994;Nagyhuta;5
2942;Nagyigmánd;9
5363;Nagyiván;2
4320;Nagykálló;13
5751;Nagykamarás;16
8831;Nagykanizsa;15
8808;Nagykanizsa;15
8809;Nagykanizsa;15
8800;Nagykanizsa;15
8935;Nagykapornak;15
2425;Nagykarácsony;1
2760;Nagykáta;7
4127;Nagykereki;17
3129;Nagykeresztúr;19
3844;Nagykinizs;5
3012;Nagykökényes;18
9784;Nagykölked;11
7092;Nagykónyi;7
2750;Nagykőrös;3
7545;Nagykorpád;4
5065;Nagykörű;10
2094;Nagykovácsi;7
7741;Nagykozár;2
8911;Nagykutas;15
6933;Nagylak;14
8983;Nagylengyel;15
3175;Nagylóc;19
2435;Nagylók;1
9482;Nagylózs;6
6622;Nagymágocs;14
7355;Nagymányok;18
2626;Nagymaros;7
9913;Nagymizdó;10
7784;Nagynyárád;3
2645;Nagyoroszi;19
8912;Nagypáli;15
7731;Nagypall;3
7912;Nagypeterd;3
8496;Nagypirit;8
4173;Nagyrábé;17
8746;Nagyrada;15
9938;Nagyrákos;10
8756;Nagyrécse;15
3214;Nagyréde;4
5463;Nagyrév;2
3965;Nagyrozvágy;5
2524;Nagysáp;9
9561;Nagysimonyi;10
8739;Nagyszakácsi;11
7085;Nagyszékely;18
4962;Nagyszekeres;13
5931;Nagyszénás;16
9072;Nagyszentjános;6
7097;Nagyszokoly;18
3398;Nagytálya;4
2142;Nagytarcsa;7
8562;Nagytevel;8
9832;Nagytilaj;10
6612;Nagytőke;3
7800;Nagytótfalu;14
3357;Nagyút;4
4812;Nagyvarsány;13
7912;Nagyváty;3
8291;Nagyvázsony;8
7186;Nagyvejke;18
8065;Nagyveleg;1
2421;Nagyvenyim;1
3349;Nagyvisnyó;4
7215;Nak;18
4552;Napkor;13
9797;Nárai;10
9793;Narda;10
2899;Naszály;9
3463;Négyes;5
3646;Nekézseny;5
8923;Nemesapáti;15
3592;Nemesbikk;5
9749;Nemesbőd;13
4942;Nemesborzova;10
8371;Nemesbük;15
9739;Nemescsó;10
8722;Nemesdéd;11
8522;Nemesgörzsöny;8
8284;Nemesgulács;8
8471;Nemeshany;8
8925;Nemeshetés;15
7981;Nemeske;3
9471;Nemeskér;6
9548;Nemeskeresztúr;10
8717;Nemeskisfalud;11
9542;Nemeskocs;10
9775;Nemeskolta;10
9663;Nemesládony;10
9953;Nemesmedves;10
6345;Nemesnádudvar;12
8976;Nemesnép;15
8856;Nemespátró;15
8915;Nemesrádó;15
9782;Nemesrempehollós;10
8925;Nemessándorháza;15
9533;Nemesszalók;8
8925;Nemesszentandrás;15
8248;Nemesvámos;8
8738;Nemesvid;11
8311;Nemesvita;8
8581;Németbánya;8
8918;Németfalu;15
7039;Németkér;18
3152;Nemti;19
2544;Neszmély;9
2618;Nézsa;19
9652;Nick;10
8706;Nikla;11
2642;Nógrád;19
2691;Nógrádkövesd;19
2675;Nógrádmarcal;19
3132;Nógrádmegyer;19
2685;Nógrádsáp;19
3179;Nógrádsipek;19
3187;Nógrádszakál;19
8591;Nóráp;8
8456;Noszlop;8
3325;Noszvaj;4
2610;Nőtincs;15
8948;Nova;4
3327;Novaj;5
3872;Novajidrány;19
9096;Nyalka;6
8512;Nyárád;8
2723;Nyáregyháza;7
6032;Nyárlőrinc;12
2712;Nyársapát;7
3433;Nyékládháza;5
2537;Nyergesújfalu;9
2536;Nyergesújfalu;9
3809;Nyésta;5
8612;Nyim;11
4264;Nyírábrány;17
4262;Nyíracsád;17
8454;Nyirád;8
4253;Nyíradony;17
4252;Nyíradony;17
4254;Nyíradony;17
4300;Nyírbátor;13
4372;Nyírbéltek;13
4361;Nyírbogát;13
4511;Nyírbogdány;13
4356;Nyírcsaholy;13
4331;Nyírcsászári;13
4332;Nyírderzs;13
4405;Nyíregyháza;13
4246;Nyíregyháza;13
4433;Nyíregyháza;13
4412;Nyíregyháza;13
4432;Nyíregyháza;13
4551;Nyíregyháza;13
4431;Nyíregyháza;13
4481;Nyíregyháza;13
4400;Nyíregyháza;13
4362;Nyírgelse;13
4311;Nyírgyulaj;13
3997;Nyíri;5
4535;Nyíribrony;13
4541;Nyírjákó;13
4544;Nyírkarász;13
4333;Nyírkáta;13
4537;Nyírkércs;13
4632;Nyírlövő;13
4371;Nyírlugos;13
4564;Nyírmada;13
4263;Nyírmártonfalva;17
4722;Nyírmeggyes;13
4363;Nyírmihálydi;13
4822;Nyírparasznya;13
4531;Nyírpazony;13
4376;Nyírpilis;13
4522;Nyírtass;13
4461;Nyírtelek;13
4554;Nyírtét;13
4532;Nyírtura;13
4341;Nyírvasvári;13
9682;Nyőgér;5
3795;Nyomár;10
7912;Nyugotszenterzsébet;3
9082;Nyúl;6
7695;Óbánya;3
2063;Óbarok;1
8272;Óbudavár;8
8292;Öcs;7
2364;Ócsa;3
7814;Ócsárd;3
7143;Őcsény;13
5451;Öcsöd;14
7695;Ófalu;15
4558;Ófehértó;16
6923;Óföldeák;3
8342;Óhid;3
5534;Okány;3
7957;Okorág;10
4755;Ököritófülpös;8
7681;Okorvölgy;5
7745;Olasz;13
9824;Olaszfa;13
8414;Olaszfalu;3
3933;Olaszliszka;10
9621;Ölbő;15
4826;Olcsva;5
4914;Olcsvaapáti;5
7824;Old;13
9733;Ólmod;14
8886;Oltárc;15
4373;Ömböly;11
3562;Onga;11
3551;Ónod;12
4821;Ópályi;10
6767;Ópusztaszer;3
4336;Őr;12
8935;Orbányosfa;15
2162;Őrbottyán;5
7400;Orci;16
8635;Ordacsehi;16
6335;Ordas;16
6311;Öregcsertő;16
8697;Öreglak;8
9982;Orfalu;9
7677;Orfű;3
6077;Orgovány;15
2671;Őrhalom;15
9933;Őrimagyarósd;6
9941;Őriszentpéter;10
2377;Örkény;4
8983;Ormándlak;10
5222;Örményes;5
5556;Örménykút;11
3743;Ormosbánya;5
5904;Orosháza;5
5903;Orosháza;5
5905;Orosháza;5
5900;Orosháza;5
8458;Oroszi;5
2840;Oroszlány;5
7370;Oroszló;5
8744;Orosztony;3
8954;Ortaháza;15
8854;Őrtilos;18
8242;Örvényes;8
2610;Ősagárd;18
8161;Ősi;2
8191;Öskü;13
9354;Osli;10
9512;Ostffyasszonyfa;13
3326;Ostoros;13
9825;Oszkó;7
3591;Oszlár;12
7444;Osztopán;11
9153;Öttevény;19
6784;Öttömös;10
7511;Ötvöskónyi;10
3604;Ózd;7
3651;Ózd;2
3661;Ózd;16
3603;Ózd;11
3662;Ózd;8
3625;Ózd;19
3621;Ózd;8
3600;Ózd;8
7836;Ózdfalu;6
8998;Ozmánbük;14
7086;Ozora;11
3964;Pácin;5
8761;Pacsa;15
9823;Pácsony;10
8935;Padár;15
6075;Páhi;12
8956;Páka;15
8799;Pakod;15
8095;Pákozd;1
7027;Paks;18
7030;Paks;18
7370;Palé;3
7042;Pálfa;18
8990;Pálfiszeg;15
3994;Pálháza;5
9345;Páli;6
7771;Palkonya;3
7561;Pálmajor;11
6112;Pálmonostora;12
7727;Palotabozsok;3
3042;Palotás;19
8229;Paloznak;8
3821;Pamlény;5
8698;Pamuk;11
2214;Pánd;7
9937;Pankasz;10
9090;Pannonhalma;6
3898;Pányok;5
4913;Panyola;13
4631;Pap;13
8511;Pápa;8
8591;Pápa;8
8598;Pápa;8
8500;Pápa;8
8593;Pápadereske;8
8596;Pápakovácsi;8
8594;Pápasalamon;8
8556;Pápateszér;8
8183;Papkeszi;8
9515;Pápoc;10
4338;Papos;13
7838;Páprád;3
3244;Parád;4
3240;Parád;4
3242;Parádsasvár;4
3777;Parasznya;5
4475;Paszab;13
3065;Pásztó;19
3082;Pásztó;19
3060;Pásztó;19
9311;Pásztori;6
8825;Pat;15
2648;Patak;19
7463;Patalom;11
7923;Patapoklosi;3
7477;Patca;11
8092;Pátka;1
7536;Patosfa;11
4523;Pátroha;13
2668;Patvarc;19
2071;Páty;7
4766;Pátyod;13
2476;Pázmánd;1
9085;Pázmándfalu;6
2119;Pécel;7
9754;Pecöl;10
7693;Pécs;3
7691;Pécs;3
7600;Pécs;3
7621;Pécs;3
7622;Pécs;3
7623;Pécs;3
7624;Pécs;3
7625;Pécs;3
7626;Pécs;3
7627;Pécs;3
7628;Pécs;3
7629;Pécs;3
7630;Pécs;3
7631;Pécs;3
7632;Pécs;3
7633;Pécs;3
7634;Pécs;3
7635;Pécs;3
7636;Pécs;3
7951;Pécsbagota;3
7766;Pécsdevecser;3
8245;Pécsely;8
7762;Pécsudvard;3
7720;Pécsvárad;3
7831;Pellérd;3
3381;Pély;4
2614;Penc;7
4267;Penészlek;13
4941;Penyige;8
8426;Pénzesgyőr;13
9099;Pér;6
2074;Perbál;7
3853;Pere;5
3821;Perecse;5
7664;Pereked;3
9722;Perenye;10
9734;Peresznye;10
9484;Pereszteg;6
2431;Perkáta;1
3756;Perkupa;5
2637;Perőcsény;7
7766;Peterd;3
7582;Péterhida;11
2209;Péteri;7
3250;Pétervására;4
8105;Pétfürdő;8
8921;Pethőhenye;15
4542;Petneháza;13
3023;Petőfibánya;4
6113;Petőfiszállás;12
9443;Petőháza;6
9826;Petőmihályfa;10
8984;Petrikeresztúr;15
8866;Petrivente;15
7980;Pettend;3
3134;Piliny;19
2721;Pilis;7
2097;Pilisborosjenő;7
2087;Piliscsaba;7
2081;Piliscsaba;7
2519;Piliscsév;9
2080;Pilisjászfalu;7
2028;Pilismarót;9
2095;Pilisszántó;7
2084;Pilisszentiván;7
2099;Pilisszentkereszt;7
2098;Pilisszentkereszt;7
2009;Pilisszentlászló;7
2085;Pilisvörösvár;7
7084;Pincehely;18
9922;Pinkamindszent;10
9481;Pinnye;6
4375;Piricse;13
6414;Pirtó;12
7838;Piskó;3
6914;Pitvaros;14
7756;Pócsa;3
4125;Pocsaj;17
2017;Pócsmegyer;7
4327;Pócspetri;13
7666;Pogány;3
8728;Pogányszentpéter;11
8932;Pókaszepetk;15
7458;Polány;11
4090;Polgár;17
8153;Polgárdi;1
8155;Polgárdi;1
8154;Polgárdi;1
8929;Pölöske;7
8773;Pölöskefő;13
2013;Pomáz;10
7142;Pörböly;4
4761;Porcsalma;10
8956;Pördefölde;11
9796;Pornóapáti;11
3388;Poroszló;11
9612;Porpác;15
8858;Porrog;8
8858;Porrogszentkirály;10
8858;Porrogszentpál;11
8986;Pórszombat;6
8429;Porva;15
9636;Pósfa;15
7977;Potony;18
8767;Pötréte;15
9324;Potyond;15
3925;Prügy;5
8291;Pula;8
9235;Püski;15
2682;Püspökhatvan;19
4150;Püspökladány;6
9776;Püspökmolnári;10
2166;Püspökszilágy;13
8986;Pusztaapáti;15
2658;Pusztaberki;5
9373;Pusztacsalád;16
9739;Pusztacsó;18
4565;Pusztadobos;11
8946;Pusztaederics;15
3995;Pusztafalu;14
5919;Pusztaföldvár;8
7038;Pusztahencse;2
8707;Pusztakovácsi;16
8895;Pusztamagyaród;5
6785;Pusztamérges;1
8455;Pusztamiske;11
5125;Pusztamonostor;15
5665;Pusztaottlaka;14
3874;Pusztaradvány;7
2490;Pusztaszabolcs;1
8619;Pusztaszemes;7
8896;Pusztaszentlászló;5
6769;Pusztaszer;6
2378;Pusztavacs;7
8066;Pusztavám;17
2039;Pusztazámor;10
3630;Putnok;7
9313;Rábacsanak;6
9136;Rábacsécsény;6
9961;Rábagyarmat;10
9777;Rábahidvég;10
9344;Rábakecöl;6
9142;Rábapatona;6
9641;Rábapaty;10
9146;Rábapordány;6
9327;Rábasebes;6
9316;Rábaszentandrás;6
9135;Rábaszentmihály;6
9133;Rábaszentmiklós;6
9322;Rábatamási;6
9766;Rábatöttös;10
9165;Rábcakapi;6
2459;Rácalmás;1
2465;Ráckeresztúr;1
2300;Ráckeve;7
2613;Rád;7
7817;Rádfalva;3
9784;Rádóckölked;10
3776;Radostyán;5
3724;Ragály;5
9224;Rajka;6
3825;Rakaca;5
3826;Rakacaszend;5
4465;Rakamaz;13
5085;Rákóczifalva;2
5084;Rákócziújfalu;2
7464;Ráksi;11
8973;Ramocsa;15
4536;Ramocsaháza;13
4756;Rápolt;13
8300;Raposka;8
3833;Rásonysápberencs;5
3908;Rátka;5
9951;Rátót;10
9091;Ravazd;6
3245;Recsk;4
2886;Réde;9
8978;Rédics;15
3893;Regéc;5
7833;Regenye;3
7193;Regöly;18
6446;Rém;12
2094;Remeteszőlős;7
3559;Répáshuta;5
9653;Répcelak;10
9375;Répceszemere;6
9623;Répceszentgyörgy;10
9475;Répcevis;6
8977;Resznek;15
9074;Rétalap;6
4525;Rétközberencs;13
2651;Rétság;19
8253;Révfülöp;8
3976;Révleányvár;5
8373;Rezi;15
3974;Ricse;5
8348;Rigács;8
8883;Rigyác;15
3177;Rimóc;19
7552;Rinyabesenyő;11
7527;Rinyakovácsi;11
7513;Rinyaszentkirály;11
7556;Rinyaújlak;11
7584;Rinyaújnép;11
4563;Rohod;13
9451;Röjtökmuzsaj;8
8434;Románd;19
2654;Romhány;3
7743;Romonya;3
9954;Rönök;13
6758;Röszke;4
7914;Rózsafa;6
4971;Rozsály;10
3033;Rózsaszentmárton;14
3733;Rudabánya;5
3742;Rudolftelep;5
9766;Rum;10
6786;Ruzsa;14
3162;Ságújfalu;19
8654;Ságvár;11
3792;Sajóbábony;5
3793;Sajóecseg;5
3636;Sajógalgóc;5
3576;Sajóhidvég;5
3720;Sajóivánka;5
3773;Sajókápolna;5
3720;Sajókaza;5
3791;Sajókeresztúr;5
3572;Sajólád;5
3773;Sajólászlófalva;5
3656;Sajómercse;5
3652;Sajónémeti;5
3586;Sajóörös;5
3714;Sajópálfala;5
3573;Sajópetri;5
3653;Sajópüspöki;5
3712;Sajósenye;5
3770;Sajószentpéter;5
3599;Sajószöged;5
3712;Sajóvámos;5
3656;Sajóvelezd;5
9632;Sajtoskál;10
8256;Salföld;8
3102;Salgótarján;19
3109;Salgótarján;19
3121;Salgótarján;19
3104;Salgótarján;19
3141;Salgótarján;19
3100;Salgótarján;19
9742;Salköveskút;10
8995;Salomvár;15
3425;Sály;5
7841;Sámod;3
3074;Sámsonháza;19
8824;Sand;15
6762;Sándorfalva;14
7479;Sántos;11
4176;Sáp;17
4272;Sáránd;17
3942;Sárazsadány;5
7018;Sárbogárd;1
7019;Sárbogárd;1
7003;Sárbogárd;1
7000;Sárbogárd;1
7014;Sáregres;1
9813;Sárfimizdó;10
8944;Sárhida;15
2523;Sárisáp;9
5720;Sarkad;16
5731;Sarkadkeresztúr;16
8051;Sárkeresztes;1
8125;Sárkeresztúr;1
8144;Sárkeszi;1
8391;Sármellék;15
7781;Sárok;3
2433;Sárosd;1
3952;Sárospatak;5
3950;Sárospatak;5
7145;Sárpilis;18
4171;Sárrétudvari;17
9434;Sarród;6
9435;Sarród;6
8126;Sárszentágota;1
7047;Sárszentlőrinc;18
8141;Sárszentmihály;1
8143;Sárszentmihály;1
3386;Sarud;4
9609;Sárvár;10
9608;Sárvár;10
9600;Sárvár;10
7370;Sásd;3
8308;Sáska;8
3659;Sáta;5
3944;Sátoraljaújhely;5
3945;Sátoraljaújhely;5
3988;Sátoraljaújhely;5
3980;Sátoraljaújhely;5
7785;Sátorhely;3
8732;Sávoly;11
9789;Sé;10
7562;Segesd;11
7960;Sellye;3
3809;Selyeb;5
3974;Semjén;5
8862;Semjénháza;15
8788;Sénye;15
4533;Sényő;13
8111;Seregélyes;1
3729;Serényfalva;5
8660;Sérsekszőlős;11
8439;Sikátor;8
7818;Siklós;3
7800;Siklós;3
7814;Siklósbodony;3
7823;Siklósnagyfalu;3
3881;Sima;5
9633;Simaság;10
7474;Simonfa;11
7081;Simontornya;18
7171;Sióagárd;18
8611;Siófok;11
8609;Siófok;11
8600;Siófok;11
8652;Siójut;11
3332;Sirok;4
9671;Sitke;10
9315;Sobor;6
8897;Söjtör;6
9112;Sokorópátka;12
6320;Solt;12
6223;Soltszentimre;12
6230;Soltvadkert;8
8193;Sóly;7
2083;Solymár;11
8655;Som;3
7728;Somberek;8
8478;Somlójenő;8
8483;Somlószőlős;8
8481;Somlóvásárhely;8
8484;Somlóvecse;11
7454;Somodor;11
7283;Somogyacsa;3
7922;Somogyapáti;11
7584;Somogyaracs;11
7452;Somogyaszaló;11
8684;Somogybabod;11
8858;Somogybükkösd;11
8726;Somogycsicsó;11
7284;Somogydöröcske;11
8666;Somogyegres;11
8708;Somogyfajsz;11
7455;Somogygeszti;3
7925;Somogyhárságy;3
7921;Somogyhatvan;11
7443;Somogyjád;11
8673;Somogymeggyes;11
8733;Somogysámson;11
7435;Somogysárd;11
8737;Somogysimonyi;11
8705;Somogyszentpál;11
7276;Somogyszil;11
7563;Somogyszob;11
8683;Somogytúr;11
7515;Somogyudvarhely;11
8699;Somogyvámos;11
8698;Somogyvár;3
7924;Somogyviszló;11
8734;Somogyzsitfa;13
4954;Sonkád;1
8123;Soponya;6
9494;Sopron;6
9408;Sopron;6
9407;Sopron;6
9400;Sopron;6
9463;Sopronhorpács;6
9483;Sopronkövesd;6
9325;Sopronnémeti;10
9743;Söpte;10
8072;Söréd;15
9774;Sorkifalud;10
9774;Sorkikápolna;19
8881;Sormás;7
9773;Sorokpolány;5
3131;Sóshartyán;3
2038;Sóskút;10
3716;Sóstófalva;15
7960;Sósvertike;10
9681;Sótony;1
8096;Sukoró;1
6346;Sükösd;3
2242;Sülysáp;9
2241;Sülysáp;15
8330;Sümeg;12
8357;Sümegcsehi;7
8351;Sümegprága;7
7960;Sumony;8
2889;Súr;15
8856;Surd;8
2543;Süttő;9
8151;Szabadbattyán;1
2432;Szabadegyháza;1
8139;Szabadhidvég;1
8138;Szabadhidvég;1
7253;Szabadi;11
5712;Szabadkígyós;16
6080;Szabadszállás;12
7951;Szabadszentkirály;3
7544;Szabás;11
4467;Szabolcs;13
4547;Szabolcsbáka;13
4496;Szabolcsveresmart;13
2111;Szada;7
7383;Szágy;3
7753;Szajk;3
3334;Szajla;4
5081;Szajol;2
3786;Szakácsi;5
7071;Szakadát;18
3596;Szakáld;5
7192;Szakály;18
7213;Szakcs;18
6336;Szakmár;12
9934;Szaknyér;10
4234;Szakoly;13
9474;Szakony;6
9983;Szakonyfalu;10
2856;Szákszend;9
9942;Szalafő;10
7811;Szalánta;3
8341;Szalapa;15
3863;Szalaszend;5
7334;Szalatnak;3
7121;Szálka;18
6086;Szalkszentmárton;12
3163;Szalmatercs;19
3754;Szalonna;5
4767;Szamosangyalos;13
4745;Szamosbecs;13
4721;Szamoskér;13
4735;Szamossályi;13
4824;Szamosszeg;13
4746;Szamostatárfalva;13
4734;Szamosújlak;13
2697;Szanda;19
6131;Szank;12
8622;Szántód;11
9317;Szany;6
8423;Szápár;8
7843;Szaporca;3
2066;Szár;1
7184;Szárász;3
7063;Szárazd;18
9353;Szárföld;6
2067;Szárliget;9
5540;Szarvas;16
3051;Szarvasgede;19
9913;Szarvaskend;10
5053;Szászberek;2
3821;Szászfa;5
7349;Szászvár;3
4945;Szatmárcseke;13
2656;Szátok;19
9938;Szatta;10
6763;Szatymaz;14
7813;Szava;3
2440;Százhalombatta;7
7725;Szebény;3
2692;Szécsénke;19
3170;Szécsény;19
3135;Szécsényfelfalu;19
8879;Szécsisziget;15
7751;Szederkény;3
7056;Szedres;18
6757;Szeged;14
6791;Szeged;14
6710;Szeged;14
6771;Szeged;14
6753;Szeged;14
6700;Szeged;14
6720;Szeged;14
6721;Szeged;14
6722;Szeged;14
6723;Szeged;14
6724;Szeged;14
6725;Szeged;14
6726;Szeged;14
6727;Szeged;14
6728;Szeged;14
6729;Szeged;14
8732;Szegerdő;11
5520;Szeghalom;16
3918;Szegi;5
3918;Szegilong;5
6635;Szegvár;14
4534;Székely;13
7737;Székelyszabar;3
8019;Székesfehérvár;1
8000;Székesfehérvár;1
6821;Székkutas;14
7100;Szekszárd;18
9622;Szeleste;10
5476;Szelevény;2
7661;Szellő;3
7763;Szemely;3
9685;Szemenye;10
3866;Szemere;5
2640;Szendehely;19
3752;Szendrő;5
3751;Szendrőlád;5
7477;Szenna;11
8849;Szenta;11
8272;Szentantalfa;8
7472;Szentbalázs;11
8281;Szentbékkálla;8
7918;Szentborbás;11
7913;Szentdénes;3
3259;Szentdomonkos;4
2655;Szente;19
7915;Szentegát;3
2000;Szentendre;7
6600;Szentes;14
8444;Szentgál;8
7465;Szentgáloskér;11
9981;Szentgotthárd;10
9955;Szentgotthárd;10
9970;Szentgotthárd;10
8393;Szentgyörgyvár;15
8975;Szentgyörgyvölgy;15
8475;Szentimrefalva;8
3418;Szentistván;5
3844;Szentistvánbaksa;5
8272;Szentjakabfa;8
7681;Szentkatalin;3
6031;Szentkirály;12
8225;Szentkirályszabadja;8
8947;Szentkozmadombja;15
7936;Szentlászló;3
8893;Szentliszló;15
7940;Szentlőrinc;3
2255;Szentlőrinckáta;7
8872;Szentmargitfalva;15
2254;Szentmártonkáta;7
9799;Szentpéterfa;10
8953;Szentpéterfölde;15
4121;Szentpéterszeg;17
8762;Szentpéterúr;15
8717;Szenyér;11
8861;Szepetnek;15
9125;Szerecseny;6
6512;Szeremle;12
3900;Szerencs;5
4162;Szerep;17
4163;Szerep;17
9523;Szergény;10
2321;Szigetbecse;7
2317;Szigetcsép;7
2315;Szigethalom;7
2015;Szigetmonostor;7
2318;Szigetszentmárton;7
2310;Szigetszentmiklós;7
2319;Szigetújfalu;7
7900;Szigetvár;3
8264;Szigliget;8
3377;Szihalom;4
8969;Szijártóháza;15
3800;Szikszó;5
9326;Szil;6
7664;Szilágy;3
3125;Szilaspogony;19
9312;Szilsárkány;6
8986;Szilvágy;15
7811;Szilvás;3
7477;Szilvásszentmárton;4
3348;Szilvásvárad;11
3761;Szin;5
3761;Szinpetri;5
3044;Szirák;19
3711;Szirmabesenyő;5
2628;Szob;7
8452;Szőc;7
9935;Szőce;11
2134;Sződ;2
2133;Sződliget;2
3762;Szögliget;10
7833;Szőke;10
7763;Szőkéd;10
8736;Szőkedencs;9
2624;Szokolya;5
8625;Szólád;9
5008;Szolnok;11
5000;Szolnok;8
3757;Szőlősardó;10
8692;Szőlősgyörök;7
9707;Szombathely;7
9719;Szombathely;5
9700;Szombathely;3
2896;Szomód;3
3411;Szomolya;11
2822;Szomor;5
7976;Szörény;11
7285;Szorosad;3
3341;Szúcs;4
3034;Szűcsi;19
2699;Szügy;5
3154;Szuha;5
3726;Szuhafő;5
3731;Szuhakálló;3
3734;Szuhogy;11
7932;Szulimán;19
7539;Szulok;4
7735;Szűr;19
3064;Szurdokpüspöki;3
8660;Tab;11
8088;Tabajd;1
6224;Tabdi;12
2381;Táborfalva;7
8121;Tác;1
8272;Tagyon;8
2022;Tahitótfalu;7
2021;Tahitótfalu;7
8541;Takácsi;8
4845;Tákos;13
2335;Taksony;7
3926;Taktabáj;5
3922;Taktaharkány;5
3924;Taktakenéz;5
3921;Taktaszada;5
8295;Taliándörögd;8
3907;Tállya;5
7091;Tamási;18
7090;Tamási;18
9762;Tanakajd;10
9095;Táp;6
2764;Tápióbicske;7
2767;Tápiógyörgye;7
2253;Tápióság;7
2251;Tápiószecső;7
2766;Tápiószele;7
2711;Tápiószentmárton;7
2769;Tápiószőlős;7
9761;Táplánszentkereszt;10
8297;Tapolca;8
8300;Tapolca;8
8718;Tapsony;11
9094;Tápszentmiklós;6
3073;Tar;19
7514;Tarany;11
3915;Tarcal;5
3416;Tard;5
3644;Tardona;5
2834;Tardos;9
5641;Tarhos;16
2831;Tarján;9
9092;Tarjánpuszta;6
2945;Tárkány;9
3369;Tarnabod;4
3258;Tarnalelesz;4
3284;Tarnaméra;4
3294;Tarnaörs;4
3331;Tarnaszentmária;4
3382;Tarnaszentmiklós;4
3283;Tarnazsadány;4
2461;Tárnok;7
9165;Tárnokréti;6
4931;Tarpa;13
7362;Tarrós;3
8696;Táska;11
6098;Tass;12
7261;Taszár;11
2534;Tát;9
2835;Tata;9
2890;Tata;9
2800;Tatabánya;9
6451;Tataháza;12
2375;Tatárszentgyörgy;7
6236;Tázlár;12
4243;Téglás;17
7381;Tékes;3
7973;Teklafalu;3
9812;Telekes;10
5675;Telekgerendás;16
8626;Teleki;11
2089;Telki;7
3896;Telkibánya;5
7054;Tengelic;18
7834;Tengeri;3
8668;Tengőd;11
3359;Tenk;4
9111;Tényő;6
4132;Tépe;17
4342;Terem;13
2696;Terény;19
2652;Tereske;19
3757;Teresztenye;5
3334;Terpes;4
8109;Tés;8
2635;Tésa;7
7843;Tésenfa;3
7834;Téseny;3
8991;Teskánd;15
9100;Tét;6
4184;Tetétlen;17
7181;Tevel;18
3423;Tibolddaróc;5
4353;Tiborszállás;13
8237;Tihany;8
8731;Tikos;11
8782;Tilaj;15
4466;Timár;13
2086;Tinnye;7
4833;Tiszaadony;13
6066;Tiszaalpár;12
6067;Tiszaalpár;12
3465;Tiszabábolna;5
4951;Tiszabecs;13
4474;Tiszabercel;13
4624;Tiszabezdéd;13
5232;Tiszabő;2
5235;Tiszabura;2
4947;Tiszacsécse;13
4066;Tiszacsege;17
3972;Tiszacsermely;5
4455;Tiszadada;13
5243;Tiszaderzs;2
4456;Tiszadob;13
3466;Tiszadorogma;5
4446;Tiszaeszlár;13
4464;Tiszaeszlár;13
5461;Tiszaföldvár;2
5430;Tiszaföldvár;2
5359;Tiszafüred;2
5358;Tiszafüred;2
5244;Tiszafüred;2
5350;Tiszafüred;2
5233;Tiszagyenda;2
4097;Tiszagyulaháza;17
5361;Tiszaigar;2
5464;Tiszainoka;2
5094;Tiszajenő;2
4493;Tiszakanyár;13
3971;Tiszakarád;5
6062;Tiszakécske;12
6060;Tiszakécske;12
4834;Tiszakerecseny;13
3458;Tiszakeszi;5
4946;Tiszakóród;13
5472;Tiszakürt;2
5471;Tiszakürt;2
3929;Tiszaladány;5
4447;Tiszalök;13
4450;Tiszalök;13
3565;Tiszalúc;5
4645;Tiszamogyorós;13
4463;Tiszanagyfalu;13
3385;Tiszanána;4
5362;Tiszaörs;2
3587;Tiszapalkonya;5
5211;Tiszapüspöki;2
4503;Tiszarád;13
5234;Tiszaroff;2
5474;Tiszasas;2
5061;Tiszasüly;2
4831;Tiszaszalka;13
5323;Tiszaszentimre;2
5322;Tiszaszentimre;2
4628;Tiszaszentmárton;13
6756;Tiszasziget;14
3928;Tiszatardos;5
3589;Tiszatarján;5
4486;Tiszatelek;13
4487;Tiszatelek;13
5082;Tiszatenyő;2
6064;Tiszaug;12
3580;Tiszaújváros;5
3464;Tiszavalk;5
5095;Tiszavárkony;2
5092;Tiszavárkony;2
4440;Tiszavasvári;13
4832;Tiszavid;13
4969;Tisztaberek;13
4921;Tivadar;13
2252;Tóalmás;7
3354;Tófalu;4
8946;Tófej;15
7348;Tófű;3
2073;Tök;5
3910;Tokaj;9
2531;Tokod;9
2532;Tokodaltáró;10
2316;Tököl;5
9561;Tokorcs;17
3934;Tolcsva;19
4117;Told;18
2657;Tolmács;18
7131;Tolna;18
7130;Tolna;2
7083;Tolnanémedi;5
9086;Töltéstava;12
5324;Tomajmonostora;10
3787;Tomor;1
9738;Tömörd;15
6646;Tömörkény;3
6422;Tompa;10
9662;Tompaládony;5
2463;Tordas;5
8876;Tormafölde;5
7383;Tormás;5
9736;Tormásliget;5
3765;Tornabarakony;15
3761;Tornakápolna;5
3767;Tornanádaska;13
3765;Tornaszentandrás;10
3769;Tornaszentjakab;11
8877;Tornyiszentmiklós;2
3877;Tornyosnémeti;16
4642;Tornyospálca;3
2045;Törökbálint;15
7285;Törökkoppány;15
5212;Törökszentmiklós;11
5200;Törökszentmiklós;8
9791;Torony;7
2747;Törtel;7
8660;Torvaj;6
5091;Tószeg;10
5940;Tótkomlós;14
7981;Tótszentgyörgy;7
8865;Tótszentmárton;11
8864;Tótszerdahely;2
7755;Töttös;2
7918;Tótújfalu;7
8246;Tótvázsony;3
3724;Trizs;5
4731;Tunyogmatolcs;13
2194;Tura;7
4944;Túristvándi;13
8796;Türje;2
5420;Túrkeve;3
7811;Túrony;13
4968;Túrricse;13
8477;Tüskevár;15
4623;Tuzsér;8
4762;Tyukod;13
7718;Udvar;3
7066;Udvari;18
8564;Ugod;8
2066;Újbarok;1
3716;Újcsanálos;5
4491;Újdombrád;13
4244;Újfehértó;13
2367;Újhartyán;7
4146;Újiráz;17
7095;Újireg;18
4635;Újkenéz;13
9472;Újkér;6
5661;Újkígyós;16
2724;Újlengyel;7
4288;Újléta;17
3387;Újlőrincfalva;4
7766;Újpetre;3
9244;Újrónafő;6
6320;Újsolt;12
5727;Újszalonta;16
5052;Újszász;2
6754;Újszentiván;14
4065;Újszentmargita;17
2768;Újszilvás;7
6337;Újtelek;12
4096;Újtikos;17
8778;Újudvar;15
7436;Újvárfalva;11
8347;Ukk;8
6794;Üllés;6
2225;Üllő;9
9464;Und;5
2528;Úny;13
3622;Uppony;10
4763;Ura;1
9651;Uraiújfalu;7
8142;Úrhida;8
2244;Úri;13
8409;Úrkút;12
2096;Üröm;8
4952;Uszka;14
6332;Uszód;7
8321;Uzsa;7
2600;Vác;7
2167;Vácduka;7
2184;Vácegres;7
2164;Váchartyán;7
2185;Váckisújfalu;7
2163;Vácrátót;7
2115;Vácszentlászló;7
3636;Vadna;5
9346;Vadosfa;6
9327;Vág;6
3992;Vágáshuta;5
4562;Vaja;13
3961;Vajdácska;5
7838;Vajszló;3
7041;Vajta;1
2473;Vál;1
2114;Valkó;7
8885;Valkonya;15
4351;Vállaj;13
8316;Vállus;15
4936;Vámosatya;13
9665;Vámoscsalád;10
3291;Vámosgyörk;4
2635;Vámosmikola;7
4966;Vámosoroszi;13
4287;Vámospércs;17
9061;Vámosszabadi;5
3941;Vámosújfalu;6
4119;Váncsod;17
2688;Vanyarc;19
8552;Vanyola;8
7973;Várad;3
7354;Váralja;18
8723;Varászló;11
3254;Váraszó;4
9243;Várbalog;6
3778;Varbó;5
3756;Varbóc;5
7442;Várda;11
7146;Várdomb;18
8891;Várfölde;15
7370;Varga;3
2824;Várgesztes;9
8523;Várkesző;8
7214;Várong;18
6033;Városföld;12
8445;Városlőd;8
8103;Várpalota;8
8104;Várpalota;8
8100;Várpalota;8
7067;Varsád;18
3178;Varsány;19
8316;Várvölgy;15
2211;Vasad;7
9921;Vasalja;10
7926;Vásárosbéc;3
7362;Vásárosdombó;3
9343;Vásárosfalu;6
9552;Vásárosmiske;10
4803;Vásárosnamény;13
4804;Vásárosnamény;13
4800;Vásárosnamény;13
9744;Vasasszonyfa;10
8914;Vasboldogasszony;15
9661;Vasegerszeg;10
9674;Vashosszúfalu;10
9795;Vaskeresztes;10
6521;Vaskút;12
4502;Vasmegyer;13
8998;Vaspör;15
9741;Vassurány;10
8245;Vászoly;8
9763;Vasszécseny;10
9953;Vasszentmihály;10
9747;Vasszilvágy;10
9800;Vasvár;10
8542;Vaszar;8
9748;Vát;10
3431;Vatta;5
7370;Vázsnok;3
3265;Vécs;4
2220;Vecsés;7
5811;Végegyháza;16
7838;Vejti;3
7333;Vékény;3
4143;Vekerd;17
9726;Velem;10
9946;Velemér;10
2481;Velence;1
7951;Velény;3
7726;Véménd;3
9062;Vének;6
9751;Vép;10
2477;Vereb;1
2112;Veresegyház;7
2621;Verőce;7
3351;Verpelét;4
2174;Verseg;7
7752;Versend;3
8089;Vértesacsa;1
8085;Vértesboglár;1
2859;Vérteskethely;9
2823;Vértessomló;9
2833;Vértestolna;9
2837;Vértesszőlős;9
8721;Vése;11
9352;Veszkény;6
8412;Veszprém;8
8411;Veszprém;8
8200;Veszprém;8
8248;Veszprémfajsz;8
8475;Veszprémgalsa;8
8438;Veszprémvarsány;8
5530;Vésztő;16
5093;Vezseny;2
8484;Vid;8
8294;Vigántpetend;8
7773;Villány;3
7772;Villánykövesd;3
3891;Vilmány;5
8194;Vilonya;8
3991;Vilyvitány;5
9535;Vinár;8
8354;Vindornyafok;15
8353;Vindornyalak;15
8355;Vindornyaszőlős;15
2026;Visegrád;7
2025;Visegrád;7
7533;Visnye;11
3272;Visonta;4
3271;Visonta;4
3956;Viss;5
8681;Visz;11
9932;Viszák;10
3825;Viszló;5
3293;Visznek;4
9371;Vitnyéd;6
7588;Vízvár;11
3128;Vizslás;19
3888;Vizsoly;5
7768;Vokány;3
8314;Vonyarcvashegy;15
8931;Vöckönd;15
9462;Völcsej;6
9516;Vönöck;10
8291;Vöröstó;8
8711;Vörs;11
3124;Zabar;19
7976;Zádor;3
3726;Zádorfalva;5
5051;Zagyvarékas;2
3031;Zagyvaszántó;4
4625;Záhony;13
8868;Zajk;15
4974;Zajta;13
8853;Zákány;11
6787;Zákányszék;14
8660;Zala;11
8741;Zalaapáti;15
8971;Zalabaksa;15
8798;Zalabér;15
8992;Zalaboldogfa;15
8782;Zalacsány;15
8996;Zalacséb;15
8900;Zalaegerszeg;15
8344;Zalaerdőd;8
8349;Zalagyömörő;8
8308;Zalahaláp;8
8997;Zalaháshágy;15
8761;Zalaigrice;15
8932;Zalaistvánd;15
8749;Zalakaros;15
8751;Zalakomár;15
8752;Zalakomár;15
8354;Zalaköveskút;15
8999;Zalalövő;15
8348;Zalameggyes;8
8747;Zalamerenye;15
8756;Zalasárszeg;15
8743;Zalaszabar;15
8353;Zalaszántó;15
8476;Zalaszegvár;8
8772;Zalaszentbalázs;15
8795;Zalaszentgrót;15
8793;Zalaszentgrót;15
8785;Zalaszentgrót;15
8789;Zalaszentgrót;15
8790;Zalaszentgrót;15
8994;Zalaszentgyörgy;15
8921;Zalaszentiván;15
8827;Zalaszentjakab;15
8788;Zalaszentlászló;15
8921;Zalaszentlőrinc;15
8764;Zalaszentmárton;15
8936;Zalaszentmihály;15
8969;Zalaszombatfa;15
7839;Zaláta;3
8947;Zalatárnok;15
8822;Zalaújlak;15
8392;Zalavár;15
8792;Zalavég;15
3957;Zalkod;5
8621;Zamárdi;11
8081;Zámoly;1
8251;Zánka;8
3296;Zaránk;4
7182;Závod;18
8957;Zebecke;15
2627;Zebegény;7
3977;Zemplénagárd;5
7720;Zengővárkony;3
8112;Zichyújfalu;1
8672;Zics;11
3794;Ziliz;5
7471;Zimány;11
8420;Zirc;8
7671;Zók;3
7173;Zomba;18
5537;Zsadány;16
4142;Zsáka;17
2072;Zsámbék;7
2116;Zsámbok;7
6411;Zsana;12
4961;Zsarolyán;13
9346;Zsebeháza;6
9635;Zsédeny;10
7477;Zselickisfalud;11
7400;Zselickislak;11
7474;Zselicszentpál;11
9766;Zsennye;10
9476;Zsira;6
6792;Zsombó;14
3897;Zsujta;5
4627;Zsurk;13
3723;Zubogy;5
